,Text,Date_New
0,Woke v Woke https://t.co/hmhC5eelik,2022-12-08
1,@EthanBitcoin @dergigi lol,2022-12-08
2,@EddieZipperer https://t.co/92voOIH5d8,2022-12-08
3,RT @teslaownersSV: Tesla Semi is super quiet while pulling the float. Pretty insane to see this as the future. The exhaust and engine aren‚Äô‚Ä¶,2022-12-08
4,RT @SpaceX: Teams completed additional vehicle inspections and reviews; rocket and payload are looking good for launch of the¬†@ispace_inc¬†H‚Ä¶,2022-12-07
5,@ChrisJBakke ü§£ü§£,2022-12-07
6,"@jack Most important data was hidden (from you too) and some may have been deleted, but everything we find will be released",2022-12-07
7,@BoeingAirplanes One of the best aircraft ever,2022-12-07
8,@karpathy üî•ü§£,2022-12-07
9,"Oh, you know, keeping busy ‚Ä¶ https://t.co/jgGYovK6jL",2022-12-07
10,"@ESYudkowsky To be called AGI, it needs to invent amazing things or discover deeper physics ‚Äì many humans have done‚Ä¶ https://t.co/Xc3DLEws1l",2022-12-07
11,@charliekirk11 Small world ‚Ä¶,2022-12-07
12,"Oh, what a tangled web they weave, when first they practice to ‚Ä¶",2022-12-07
13,@EricRWeinstein @bariweiss @mtaibbi Only discovered this on Sunday,2022-12-06
14,@TedrickG @sfdbi @KQEDnews So city of SF attacks companies providing beds for tired employees instead of making sur‚Ä¶ https://t.co/DCNe8TDIRy,2022-12-06
15,@samgabnz @mtaibbi Yes. His explanation was ‚Ä¶unconvincing.,2022-12-06
16,@mtaibbi In light of concerns about Baker‚Äôs possible role in suppression of information important to the public dia‚Ä¶ https://t.co/AauRgPp5R5,2022-12-06
17,"@stillgray Most of Earth: ‚ÄúThe MSM is biased.‚Äù
Wikipedia: ‚ÄúCite MSM source to confirm this claim.‚Äù ü§£ü§£

Wikipedia ha‚Ä¶ https://t.co/AdnpEDNziB",2022-12-06
18,@karpathy The ratio of total digital to total biological compute is the key metric to watch ‚Äì it is rising incredibly fast,2022-12-06
19,@Jeremiahdalesio @MailOnline ü§£,2022-12-06
20,@WholeMarsBlog Bold,2022-12-06
21,@TrungTPhan Hmm,2022-12-05
22,So many interesting posts on Twitter these days!,2022-12-05
23,@MarioNawfal Fixed,2022-12-05
24,@rookisaacman @engineers_feed X √Ü A-12 Musk,2022-12-05
25,@RubinReport The ads are also way too big. We‚Äôll fix it this week.,2022-12-05
26,"@MuskUniversity Wait, is this true!?",2022-12-05
27,"@MuskUniversity In the past, victory would mean that your enemies are no longer around. These days, they‚Äôre not onl‚Ä¶ https://t.co/SWVB6rWKuy",2022-12-05
28,Space Ark - 1968 by Japanese artist Shigeru Komatsuzaki (1915-2001),2022-12-05
29,Starship takes beings of Earth to Mars https://t.co/6qaIc3p4yA,2022-12-05
30,@CChomp13 ü§£üíØ,2022-12-05
31,@sama What‚Äôs the average cost per chat?,2022-12-05
32,"@WholeMarsBlog Electric cargo ships are straightforward, as are short to medium range electric aircraft. Long-range‚Ä¶ https://t.co/4t7raza695",2022-12-05
33,@BillyM2k Team was a bit too intense with spam/bot suspensions. Moving to chill mode.,2022-12-05
34,@RichardGarriott 1,2022-12-05
35,@WholeMarsBlog About a week or so,2022-12-05
36,@COLDEX_STC @SpaceX @NSF @blueicehiggins @icy_pete @US_IceDrilling @OSUCEOAS @Princeton @GeosciencesPU @OregonState‚Ä¶ https://t.co/oIikJmx1aA,2022-12-05
37,"RT @COLDEX_STC: Despite 30 knot winds at the Allan Hills, Antarctica, where ice cores up to 2,700,000 years old have been found, @SpaceX St‚Ä¶",2022-12-05
38,@MrBeast Starlink works in even the most remote regions of Antarctica,2022-12-05
39,@Helloimmorgan @thebias_news What‚Äôs wrong?,2022-12-05
40,@WholeMarsBlog Lmaooo,2022-12-05
41,@BillyM2k Looking into it,2022-12-05
42,@StonksReddit @thebias_news Yeah (sigh),2022-12-05
43,@FoxNews The Constitution is greater than any President. End of story.,2022-12-05
44,@thebias_news I take that as a compliment!,2022-12-05
45,@pmarca imo ü§∑,2022-12-04
46,"@WholeMarsBlog You do, that‚Äôs the fundamental difference",2022-12-04
47,"The intelligence of this hive-mind will improve significantly as signal/noise, effective cross-linking of tweets &amp;‚Ä¶ https://t.co/B6jdv5pW9P",2022-12-04
48,"@ClayTravis @Twitter @nytimes More importantly, they said nothing about ChatGPT! Totally üò¥ at the üöÉ.",2022-12-04
49,@TheCriticalDri2 Testosterone rocks ngl,2022-12-04
50,Anything anyone says will be used against me in a court of law‚Ä¶ https://t.co/vWhFLyhYUj,2022-12-04
51,@justinemusk üôÑ,2022-12-04
52,"@waitbutwhy Not surprising, as I just learned that OpenAI had access to Twitter database for training. I put that o‚Ä¶ https://t.co/8ySgL1dLv1",2022-12-04
53,@stillgray The delayed reaction of regular news is like nonstop d√©j√† vu,2022-12-04
54,@WholeMarsBlog &gt;95% of people still have no idea this is here,2022-12-04
55,@DavidSacks @biz @mtaibbi @bariweiss Let‚Äôs find out üòâ,2022-12-04
56,@BillyM2k Whoa,2022-12-04
57,@POTUS Worth mentioning that Tesla has open-sourced its charge connector and is enabling other EVs to use Tesla Superchargers,2022-12-04
58,@WholeMarsBlog üóëÔ∏è,2022-12-04
59,@WholeMarsBlog He has swagger,2022-12-04
60,@POTUS Or you can just buy a Tesla,2022-12-04
61,@POTUS I kinda like this post tbh,2022-12-04
62,@ajtourville Remember that 2022 flicking tiger‚Äôs nuts meme I posted? Well ‚Ä¶,2022-12-04
63,"The more Twitter improves its signal to noise ratio, the less relevant conventional news becomes",2022-12-04
64,Trees of thought https://t.co/wxeirrmG9E,2022-12-04
65,Great work by Twitter Spaces team! https://t.co/L2mOCvXw5E,2022-12-04
66,Looks like we will need another day or so,2022-12-04
67,@ladymcscope ü§£,2022-12-04
68,"@wintonARK Wow. Meanwhile, on Twitter ‚Ä¶",2022-12-04
69,Pretty wild that you can engage in back-and-forth dialogue with over 100k people live on Twitter Spaces!,2022-12-04
70,"@thevivafrei And, in doing so, destroy their credibility",2022-12-04
71,"RT @TwitterBusiness: Calling all businesses and professionals üì£

Visit our SMB resources page to download the guide to getting the most out‚Ä¶",2022-12-04
72,"I am not expressing an opinion, but did promise to conduct this poll.

Should Assange and Snowden be pardoned?",2022-12-04
73,Just a note to thank advertisers for returning to Twitter,2022-12-04
74,@ggreenwald @yoyoel True,2022-12-04
75,@DavidDecosimo ü§£ü§£,2022-12-04
76,@karpathy Let‚Äôs throw a party and invite the whole galaxy!,2022-12-03
77,@Devin_Simonson Agreed. Let‚Äôs just give him an adult timeout in the big house &amp; move on.,2022-12-03
78,SBF was bad at League. Nuff said.,2022-12-03
79,@Jason @theallinpod Great podcast!,2022-12-03
80,@lhfang Interesting,2022-12-03
81,@TEDchris @nytimes That‚Äôs because ChatGPT is not a far left cause. The New York Times should rename itself The Social Justice Times.,2022-12-03
82,@ggreenwald @mtaibbi @CommunityNotes is super important for getting closer to truth,2022-12-03
83,@KevinThobias @thevivafrei Exactly,2022-12-03
84,@sama ChatGPT is scary good. We are not far from dangerously strong AI.,2022-12-03
85,@thevivafrei Good questions,2022-12-03
86,@ggreenwald @mtaibbi True,2022-12-03
87,@andst7 Thank you for helping with this important problem,2022-12-03
88,@mishaboar https://t.co/L0uiMSxFTK,2022-12-03
89,@neontaster ChatGPT is so much better at bullshit than they are!,2022-12-03
90,@WallStreetSilv ü§£ü§£,2022-12-03
91,@thevivafrei True lol,2022-12-03
92,"@ClayTravis @Twitter @nytimes That is because The New York Times has become, for all intents and purposes, an unreg‚Ä¶ https://t.co/Tx77DQTUa4",2022-12-03
93,@WillManidis That‚Äôs just the publicly disclosed number. His actual support of Dem elections is probably over $1B. T‚Ä¶ https://t.co/FtKoNXi8Bd,2022-12-03
94,"@OzraeliAvi I‚Äôve seen a lot of concerning tweets about the recent Brazil election. If those tweets are accurate, it‚Ä¶ https://t.co/klM0EJppoV",2022-12-03
95,Twitter servers are running at Warp 9!! https://t.co/vtZZeKupC7,2022-12-03
96,@Carnage4Life The safety of any AI system can be measured by its MtH (meantime to Hitler). Microsoft‚Äôs Tay chatbot‚Ä¶ https://t.co/cLWackQyj1,2022-12-03
97,@Kristennetten @pmarca Haha pretty close. Electrical closet.,2022-12-03
98,@pmarca Funny thing is that there was actually a little fire at Twitter HQ earlier this week! Whole building was evacuated.,2022-12-03
99,"@pmarca ü•∞ü•∞

I recently learned that OpenAI receives a lot of its data from Twitter",2022-12-03
100,@DavidSacks ü§£,2022-12-03
101,@cmsintern Truth,2022-12-03
102,@AutismCapital https://t.co/kxtz2QA29x,2022-12-03
103,@Timcast Correct,2022-12-03
104,@farzyness Some things are priceless ‚Ä¶,2022-12-03
105,@StephenKing üî•üî•ü§∑‚Äç‚ôÇÔ∏èüôè,2022-12-03
106,@TheBabylonBee lol,2022-12-03
107,@mazemoore @RealJamesWoods üôè üíï,2022-12-03
108,@micsolana Well-said,2022-12-03
109,@BillyM2k Exactly,2022-12-03
110,Tune in for Episode 2 of The Twitter Files tomorrow!,2022-12-03
111,@lexfridman Transparency is the key to trust,2022-12-03
112,@TheQuartering Q&amp;A tomorrow,2022-12-03
113,"@hodgetwins @micsolana Twitter acting by itself to suppress free speech is not a 1st amendment violation, but actin‚Ä¶ https://t.co/Z2dpnBEpx6",2022-12-03
114,"@micsolana If this isn‚Äôt a violation of the Constitution‚Äôs First Amendment, what is?",2022-12-03
115,@micsolana ‚ÄúHandled‚Äù üî•üî•üî•,2022-12-03
116,@mtaibbi Ro Khanna is great,2022-12-03
117,@EmmanuelMacron It was an honor to see you again. Looking forward to exciting plans in France!,2022-12-03
118,Here we go!! üçøüçø https://t.co/eILK9f3bAm,2022-12-02
119,"We‚Äôre double-checking some facts, so probably start live tweeting in about 40 mins",2022-12-02
120,@stillgray Oh you mean the same MSM that all colluded to suppress the story? That MSM?,2022-12-02
121,@stillgray üò¢,2022-12-02
122,This will be awesome üçø,2022-12-02
123,What really happened with the Hunter Biden story suppression by Twitter will be published on Twitter at 5pm ET!,2022-12-02
124,@Jason Agreed,2022-12-02
125,@johnkrausphotos Both false positives and negatives matter,2022-12-02
126,Please screenshot examples that Twitter needs to fix,2022-12-02
127,Not counting those behind the ‚Äúsee more replies‚Äù aka probable spam button,2022-12-02
128,"Major Twitter system improvements were implemented this week to drop hammer hard on spam/scam accounts.

Taking jus‚Ä¶ https://t.co/demKjOIKBB",2022-12-02
129,"Twitter is now serving almost 90 billion tweet impressions per day!

Just how incredibly alive the system actually‚Ä¶ https://t.co/DwrZLAKOoz",2022-12-02
130,@EvaFoxU @nytimes ü§£ü§£,2022-12-02
131,@BillyM2k Agreed,2022-12-02
132,"There are about 500M tweets per day &amp; billions of impressions, so hate speech impressions are &lt;0.1% of what‚Äôs seen on Twitter!",2022-12-02
133,@nytimes Utterly false,2022-12-02
134,"@Ravii_kc We will publish stats on Love Speech too, as it is vastly higher than Hate Speech!",2022-12-02
135,"Hate speech impressions (# of times tweet was viewed) continue to decline, despite significant user growth!‚Ä¶ https://t.co/argDYV4hSV",2022-12-02
136,"@Kristennetten Please report accounts doing so. Repeated harassment falls into the spam category, so will result in a temp suspension.",2022-12-02
137,@kylenabecker That resulted in a major spike. Twitter will be publishing actual ‚Äúhate speech‚Äù (same list company ha‚Ä¶ https://t.co/s3C1i8lrtK,2022-12-02
138,@BillyM2k The (currently) quiet majority should tweet more!,2022-12-02
139,"You know Twitter is being fair when extremists on far right and far left are simultaneously upset!

Twitter aims to‚Ä¶ https://t.co/JCHEIFTFwC",2022-12-02
140,@stillgray Right on schedule ü§£ü§£,2022-12-02
141,"RT @neuralink: Thank you for joining our live stream to hear about the progress the team has made in the last year. In case you missed it,‚Ä¶",2022-12-02
142,"@shortword @M3Marcel @WholeMarsBlog Current efficiency is 1.7kWh/mile, but there is a clear path to 1.6, possibly 1.5",2022-12-02
143,@andst7 I have Sam Gamgee‚Äôs words on my bedside table,2022-12-02
144,FAFO,2022-12-02
145,"@KimDotcom @kanyewest Just clarifying that his account is being suspended for incitement to violence, not an unflat‚Ä¶ https://t.co/v0fBUrwq3T",2022-12-02
146,"@TheeAleexJ @kanyewest I tried my best. Despite that, he again violated our rule against incitement to violence. Account will be suspended.",2022-12-02
147,@kanyewest This is not,2022-12-02
148,@kanyewest That is fine,2022-12-02
149,@alex_avoigt This is silly. Only two numbers are needed to calculate range: battery energy density and average vehi‚Ä¶ https://t.co/cEYmf7PrGq,2022-12-02
150,@wintonARK Accurate,2022-12-02
151,"RT @Tesla: Tesla Semi driving 500 miles, fully loaded, on a single charge https://t.co/iZzomLcwZF",2022-12-02
152,"@woodhaus2 Check out the Tesla exhibit at 
@Petersen_Museum in LA!",2022-12-02
153,Tesla Semi Truck launch in 5 mins! https://t.co/jG3s9wuVGb,2022-12-02
154,Going live on Twitter in ~20 mins https://t.co/JdeI5ItUw3,2022-12-02
155,"@kanyewest Jesus taught love, kindness and forgiveness. 

I used to think that turning the other cheek was weak &amp; f‚Ä¶ https://t.co/A2ej1bwI4n",2022-12-01
156,"üáØüáµüáØüáµ Congratulations Japan! üáØüáµüáØüáµ
https://t.co/WfqWIJMNGI",2022-12-01
157,@JamieHutchens4 How many views do your tweets get?,2022-12-01
158,"@yvanleterrible2 We aren‚Äôt doing well at surfacing tweets from less prominent handles, as it‚Äôs almost impossible to‚Ä¶ https://t.co/CuI7GWr10u",2022-12-01
159,AI is getting really good https://t.co/OwQgDi4wun,2022-12-01
160,@dcherring @araghougassian @Spooks Exactly. That‚Äôs why I‚Äôm encouraging people to interact with Twitter more!,2022-12-01
161,@WokeArchive ü§£,2022-12-01
162,"@jordanbpeterson Compared to AI, progress with Neuralink will be slow and easy to assess, as there is large regulat‚Ä¶ https://t.co/Fg6hbYDv3a",2022-12-01
163,"@araghougassian @Spooks View count will show how many people actually see tweets, just as is done for videos. You w‚Ä¶ https://t.co/l851JntHa5",2022-12-01
164,"@araghougassian @Spooks The problem is that likes are public, subjecting people to criticism, and ‚Äúlike‚Äù is often t‚Ä¶ https://t.co/jrxReBP8Dj",2022-12-01
165,"@Spooks Twitter will start showing view count for all tweets, just as view count is shown for all videos. The syste‚Ä¶ https://t.co/qRACXO7rnr",2022-12-01
166,"@Spooks Have you clicked on your tweet analytics (little bar graph)? 

Those who read tweets outnumber those who re‚Ä¶ https://t.co/zjFbuffpTC",2022-12-01
167,"I meet so many people who read twitter every day, but almost never tweet.

If I may beg your indulgence, please add‚Ä¶ https://t.co/1aaxJE9M4u",2022-12-01
168,@TrungTPhan ü§£,2022-12-01
169,@westcoastbill Agreed,2022-12-01
170,@verdouglasgomes @nandorappa40 Looking into it,2022-12-01
171,@WholeMarsBlog Digging into this now,2022-12-01
172,Lot of people stuck in a damn-that‚Äôs-crazy ChatGPT loop üîÅ,2022-12-01
173,"@zswitten There still isn‚Äôt a good strawberry picking robot, but researchers are working on it.

As they apply AI t‚Ä¶ https://t.co/WRPgGjVraC",2022-12-01
174,"As a reminder, tap the stars icon on upper right of screen to switch between latest people you follow and recommended tweets",2022-12-01
175,@cocainebear Always wondered about that bear ‚Ä¶,2022-12-01
176,"Twitter is purging a lot of spam/scam accounts right now, so you may see your follower count drop",2022-12-01
177,@EvaFoxU Exactly,2022-12-01
178,"@ashleevance We are now confident that the Neuralink device is ready for humans, so timing is a function of working‚Ä¶ https://t.co/lrLCTuDyWm",2022-12-01
179,@ashleevance Yup,2022-12-01
180,Exciting Neuralink update in 30 mins! https://t.co/5NYAyjP8mh,2022-12-01
181,@SawyerMerritt @woodhaus2 üòâ,2022-12-01
182,@SawyerMerritt Congratulations @jimfarley98 @Ford!,2022-11-30
183,"Good conversation. Among other things, we resolved the misunderstanding about Twitter potentially being removed fro‚Ä¶ https://t.co/3BSVgAFwea",2022-11-30
184,@jhall Cancel culture needs to be canceled!!,2022-11-30
185,"@teslaownersSV Wow, thank you for the kind words @reedhastings",2022-11-30
186,@HistoryInPics Feels like an eternity ago,2022-11-30
187,Thanks @tim_cook for taking me around Apple‚Äôs beautiful HQ https://t.co/xjo4g306gR,2022-11-30
188,"RT @TwitterBusiness: Twitter 2.0:

Same mission.
Faster innovation.
More transparency.

https://t.co/mNBerk4vPE",2022-11-30
189,"@EvaFoxU @Reuters Exactly. The obvious reality, as long-time users know, is that Twitter has failed in trust &amp; safe‚Ä¶ https://t.co/A40vLMuwJX",2022-11-30
190,RT @SpaceX: Falcon 9 is vertical on pad 40 in Florida ahead of launch of the @ispace_inc HAKUTO-R Mission 1 ‚Äì the first privately-led Japan‚Ä¶,2022-11-30
191,Update from @Neuralink at 6pm PT,2022-11-30
192,@NorthmanTrader @vincent13031925 Exactly,2022-11-30
193,@vincent13031925 Trend is concerning. Fed needs to cut interest rates immediately. They are massively amplifying th‚Ä¶ https://t.co/gWM01h5pkO,2022-11-30
194,"@teslaownersSV Much more, but I am simply stating the obvious",2022-11-30
195,@teslaownersSV We‚Äôre implementing anti-bot bots. You should see some improvement by tomorrow.,2022-11-30
196,"Microservices ‚Ä¶
 https://t.co/w6K0t1SRRs",2022-11-30
197,Twitter core services latency reduced by ~400ms. Should feel noticeably faster.,2022-11-30
198,@SwipeWright @stevenmarkryan @nichegamer üéØ,2022-11-30
199,"@stevenmarkryan @nichegamer Sam lost me when he said that any lies at all would justify Trump losing. 

I mean ‚Ä¶ Sa‚Ä¶ https://t.co/ls0oaz79kz",2022-11-30
200,@farzyness Accurate prediction,2022-11-30
201,A little more progress to Mars https://t.co/TUjECUHaQ3,2022-11-29
202,"@jasondebolt Several other major Democrat politicians attacked me too, all around the same time. It was coordinated‚Ä¶ https://t.co/Mtn5hDrBSU",2022-11-29
203,@nichegamer Sam used to be so rational! There is such a thing as too much meditation ‚Ä¶,2022-11-29
204,@rhemrajani9 @WholeMarsBlog @DavidSacks @JLinWins @BlueMoonTrades @MomAngtrades @DisruptorStocks @RinainDC‚Ä¶ https://t.co/EUwRmTqH81,2022-11-29
205,@greg16676935420 @WholeMarsBlog ü§£,2022-11-29
206,@ICannot_Enough Correct,2022-11-29
207,"@TrungTPhan Don‚Äôt love the name, but the drink itself is amazing &amp; brings me joy üòÄ",2022-11-29
208,@DavidSacks This is a serious problem,2022-11-29
209,@mtracey This makes sense,2022-11-29
210,The people have spoken ‚Ä¶,2022-11-29
211,"If Community Notes can correct me, then obviously they can correct anyone. This is a good example. They were right to add the label.",2022-11-29
212,@TheQuartering I think I have been very specific,2022-11-29
213,@DavidSacks It‚Äôs a real problem. Apple and Google effectively control access to most of the Internet via their app stores.,2022-11-29
214,@cb_doge @stillgray @ezralevant @latimes That one was real too,2022-11-29
215,@stillgray @ezralevant @latimes The reason satire about CNN proposing censorship of Twitter could so easily be cons‚Ä¶ https://t.co/FEkFL9KXUv,2022-11-29
216,@Liz_Wheeler This will forever be our top priority,2022-11-29
217,"This is a battle for the future of civilization. If free speech is lost even in America, tyranny is all that lies ahead.",2022-11-29
218,"@SwipeWright This is a battle for the future of civilization. If free speech is lost even in America, tyranny is all that lies ahead.",2022-11-29
219,"RT @pmarca: ""We look forward to a world founded upon four essential human freedoms. The first is freedom of speech and expression‚Äîeverywher‚Ä¶",2022-11-29
220,@BillyM2k Exactly,2022-11-28
221,"@saylor @lexfridman Absolutely, especially if done in collusion with the government",2022-11-28
222,The Twitter Files on free speech suppression soon to be published on Twitter itself. The public deserves to know what really happened ‚Ä¶,2022-11-28
223,@RubinReport Why are so many in the media against free speech? This is messed up.,2022-11-28
224,@Jason A revolution against online censorship in America,2022-11-28
225,@stillgray Support is greatly appreciated!,2022-11-28
226,RT @BillyM2k: @lexfridman apple should be more transparent about their processes and probably not have such a monopoly,2022-11-28
227,RT @lexfridman: Apple should support free speech.,2022-11-28
228,@micsolana üçø,2022-11-28
229,"@TheRabbitHole84 Wow, they don‚Äôt sound biased at all!",2022-11-28
230,Did you know Apple puts a secret 30%  tax on everything you buy through their App Store? https://t.co/LGkPZ4EYcz,2022-11-28
231,"Apple has also threatened to withhold Twitter from its App Store, but won‚Äôt tell us why",2022-11-28
232,@LBRYcom Secret suppression of free speech by Apple. Customers were never told. What the hell is going on here?,2022-11-28
233,@jake_k Yes,2022-11-28
234,Apple should publish all censorship actions it has taken that affect its customers,2022-11-28
235,@rupasubramanya @bariweiss Here works,2022-11-28
236,Accurate https://t.co/1PRfh67nWX,2022-11-28
237,@techAU Are you suggesting Apple would use its duopolist powers to hurt Tesla?,2022-11-28
238,Who else has Apple censored? https://t.co/lZculFIkAX,2022-11-28
239,@LBRYcom What terms?,2022-11-28
240,What‚Äôs going on here @tim_cook?,2022-11-28
241,Apple has mostly stopped advertising on Twitter. Do they hate free speech in America?,2022-11-28
242,https://t.co/9LwcH7iUmy,2022-11-28
243,@CommunityNotes FTW!,2022-11-28
244,@CNNPR Lmaoooo,2022-11-28
245,"Greetings, I‚Äôm Musket, Elon Musket",2022-11-28
246,@TVGuyGrayson Hearting things that you just want to highlight is questionable,2022-11-28
247,@paulg @kimbal True,2022-11-28
248,@tobi @nandoodles @Shopify Good for you!,2022-11-28
249,https://t.co/r22bMdErLi,2022-11-28
250,https://t.co/KZ7jeME3AX,2022-11-28
251,@EvaFoxU @BillyM2k @Msannthrope57 ü§£,2022-11-28
252,There is no excuse for my lack of coasters,2022-11-28
253,"@B_Jones2009 Yah, it‚Äôs mostly basic",2022-11-28
254,My bedside table https://t.co/sIdRYJcLTK,2022-11-28
255,The amount of pro psy ops on Twitter is ridiculous! At least with new Verified they will pay $8 for the privilege haha.,2022-11-28
256,@Renew_Democracy @Kasparov63 @AVindman Your anti-dictator stance is as controversial as it is brave. From whence cometh your üí∞?,2022-11-28
257,@growing_daniel üíØ,2022-11-28
258,@ShiLLin_ViLLian I‚Äôm optimistic that we will make some progress,2022-11-28
259,@EvaFoxU Yup,2022-11-28
260,@ggreenwald Exactly,2022-11-28
261,@ggreenwald That American media would argue *against* free speech in America ‚Äì within the bounds of the law ‚Äì is an‚Ä¶ https://t.co/FJBjmSpoaw,2022-11-28
262,"@02100_eth That might be cool to show publicly, now that you mention it",2022-11-28
263,@BillyM2k You probably weren‚Äôt blocking 4000 accounts per second,2022-11-28
264,@VassiliosBitsas Friends have asked me if there‚Äôs a way to recover their old vine videos! Will look into it.,2022-11-28
265,@RyanZohoury @BillyM2k System obviously needs immediate alerts for any sudden spike in database writes of any kind,2022-11-28
266,@RyanZohoury @BillyM2k That‚Äôs literally how I found out!,2022-11-28
267,@johnkrausphotos It‚Äôs on the todo list,2022-11-28
268,Twitter experienced slight degradation of service today from an old 3rd party tool used to block accounts that had‚Ä¶ https://t.co/r4bkf0azWa,2022-11-28
269,@BillyM2k @Msannthrope57 This whole thread is making your point for you,2022-11-28
270,@BillyM2k Absolutely!,2022-11-28
271,@BillyM2k Working on it,2022-11-27
272,@caroljsroth ESG is the devil,2022-11-27
273,And I am paying $8 btw :),2022-11-27
274,@DrDMemes1 @neontaster ü§£üéØ,2022-11-27
275,"Just a note to encourage people of different political or other views to engage in civil debate on Twitter. 

Worst‚Ä¶ https://t.co/IZSyMYtCD8",2022-11-27
276,"@growing_daniel Remote is fine, but the bar for excellence &amp; trust is higher to overcome communication difficulties",2022-11-27
277,@Jason Good old random partial reinforcement gets ya every time!,2022-11-27
278,@neontaster Vindman is both puppet &amp; puppeteer. Question is who pulls his strings ‚Ä¶ ?,2022-11-27
279,"@Trainwreckstv @stillgray Fortunately, I work late. Would you like fries with that?",2022-11-27
280,"@neontaster Note, spamming, whether done by a set of humans or bots is against ToS",2022-11-27
281,@stillgray @neontaster Like digital ventriloquist dolls ü§£,2022-11-27
282,@SamTwits Was also due to me that we got trademark to use Tesla Motors as initial name &amp; later obtained https://t.co/46TXqRJBrz URL,2022-11-27
283,@satanskitty6969 @GrahamAllen_1 @StephenKing He is invited!,2022-11-27
284,@neontaster Or maybe just ‚Ä¶ bots ü§∑‚Äç‚ôÇÔ∏è,2022-11-27
285,@neontaster They‚Äôre bots in human form,2022-11-27
286,@SamTwits ArtCenter College of Design gave me an honorary degree for my work on the original Tesla Roadster,2022-11-27
287,"@SamTwits More importantly, I was head of product and led the design of the original Roadster. Eberhard was wealthy‚Ä¶ https://t.co/tl7wpIKdsO",2022-11-27
288,"@stillgray For many celebrities, it‚Äôs actually their manager or ‚Äúteam‚Äù writing their tweets. Might be the case here.",2022-11-27
289,@stillgray Seems like NPC to PC ratio is super high!,2022-11-27
290,@stillgray Good question,2022-11-27
291,@BillyM2k They won‚Äôt give up controlling the narrative easily ‚Ä¶,2022-11-27
292,@rawsalerts Good idea,2022-11-27
293,@hodgetwins True,2022-11-27
294,@PPathole @StephenKing Correct,2022-11-27
295,@jordanbpeterson I think I see a path to Twitter exceeding a billion monthly users in 12 to 18 months,2022-11-27
296,@Teslaconomics He can drive it himself if he wants!,2022-11-27
297,@ChrisDungeon ü§£ü§£,2022-11-27
298,Slides from my Twitter company talk https://t.co/8LLXrwylta,2022-11-27
299,"Starry, starry night ‚Ä¶ https://t.co/IN3SeOH7f7",2022-11-27
300,"Tesla team just completed a 500 mile drive with a Tesla Semi weighing in at 81,000 lbs!",2022-11-27
301,@GrahamAllen_1 @StephenKing Stephen King is one of most creative people on Earth. While I may not agree with everyt‚Ä¶ https://t.co/O7kX3OFlg3,2022-11-27
302,@TrungTPhan ü§£,2022-11-27
303,@Gfilche @realGeorgeHotz @WholeMarsBlog World-class software aces are joining Twitter,2022-11-26
304,Follow World Cup on Twitter for best real-time coverage! https://t.co/9IfFSHbjl3,2022-11-26
305,"@StephenKing The goal is a trusted digital town square, where a wide range of views are tolerated, provided people‚Ä¶ https://t.co/EtLgtsEyFm",2022-11-26
306,@CollinRugg Better,2022-11-26
307,@RenataKonkoly @hodgetwins @Alyssa_Milano ü§£,2022-11-26
308,RT @SpaceX: Falcon 9 launches Dragon to the @space_station https://t.co/yvh5C9U5AV,2022-11-26
309,@StephenKing Suggestions are welcome Mr. üëë,2022-11-26
310,@hodgetwins @Alyssa_Milano ü§£üíØ,2022-11-26
311,@SciGuySpace Tonnage to orbit is the better metric,2022-11-26
312,@alex_avoigt Correct. Good thread.,2022-11-26
313,"RT @SpaceX: Dragon separation confirmed; autonomous docking to the @space_station on Sunday, November 27 at ~7:30 a.m. ET https://t.co/U8sN‚Ä¶",2022-11-26
314,RT @SpaceX: Falcon 9‚Äôs first stage has landed on the Just Read the Instructions droneship https://t.co/SIVrDEYT9R,2022-11-26
315,RT @SpaceX: Liftoff! https://t.co/FcVOep82eo,2022-11-26
316,@AGHamilton29 @NateSilver538 This alleged expert is saying things that are flat-out false. I have now said several‚Ä¶ https://t.co/FZpbVZMZlN,2022-11-26
317,@gunsnrosesgirl3 Will look into it,2022-11-26
318,@Rainmaker1973 I wonder what Earth will be like 88 million years from now,2022-11-26
319,@WholeMarsBlog Most people still have no idea. FSD is the most important software release of any kind in a very long time.,2022-11-26
320,@getpaidwrite He is infected with a mental version of this physical virus https://t.co/D639ASTAA0,2022-11-26
321,@getpaidwrite That the mind virus is pushing humanity towards extinction is not hyperbole https://t.co/1BaiMRSvAy,2022-11-26
322,Simpson‚Äôs predicts I buy Twitter S26E12 https://t.co/yVmWGwrYY6,2022-11-26
323,@teslaownersSV @stillgray It‚Äôs insane! I‚Äôm just fighting for free speech in America.,2022-11-26
324,@ProudElephantUS @TimRunsHisMouth But Twitter as a platform must be fair to all,2022-11-26
325,@ProudElephantUS @TimRunsHisMouth Yes,2022-11-26
326,@stillgray Yup,2022-11-26
327,@AMC_Apee Wow,2022-11-26
328,"@TimRunsHisMouth But freedom of speech is the bedrock of a strong democracy and must take precedence.

My preferenc‚Ä¶ https://t.co/9yNnVtMsOK",2022-11-26
329,"@TimRunsHisMouth As a reminder, I was a significant supporter of the Obama-Biden presidency and (reluctantly) voted for Biden over Trump",2022-11-26
330,@mtaibbi Interesting development,2022-11-26
331,@TimRunsHisMouth I‚Äôm fine with Trump not tweeting. The important thing is that Twitter correct a grave mistake in b‚Ä¶ https://t.co/xS6jzHfN2W,2022-11-25
332,"@Liz_Wheeler I certainly hope it does not come to that, but, yes, if there is no other choice, I will make an alternative phone",2022-11-25
333,@stillgray Concerning,2022-11-25
334,@marshallk @Esqueer_ Calling for violence will result in suspension,2022-11-25
335,@marshallk @Esqueer_ Absolutely,2022-11-25
336,"@Esqueer_ Incitement to violence will result in account suspension. 

Currently suspended accounts will be enabled‚Ä¶ https://t.co/0ztSHERby6",2022-11-25
337,@stillgray Accurate,2022-11-25
338,"@MattWallace888 @saylor @Cryptoking @RBReich If it actually becomes a problem, we will take those and other steps",2022-11-25
339,"@saylor @Cryptoking @RBReich Deliberate impersonation/deception will result in account suspension. 

Organizational‚Ä¶ https://t.co/2AqTlZCijC",2022-11-25
340,@Marco_Cim @KimDotcom The clawback may be their biggest fear,2022-11-25
341,@dvorahfr @getpaidwrite Exactly,2022-11-25
342,"@getpaidwrite I am neither conventionally right nor left, but I agree with your point. 

The woke mind virus has th‚Ä¶ https://t.co/MsCkiDOjSt",2022-11-25
343,@realGeorgeHotz We can aspire to turn it to the betterment of all,2022-11-25
344,What do you think of the culture war?,2022-11-25
345,"@MrAndyNgo @ramzpaul That is a disturbing story and very concerning that Twitter took no action, despite clear viol‚Ä¶ https://t.co/OAXFpoA2Fv",2022-11-25
346,"@Cryptoking @RBReich All verified individual humans will have same blue check, as boundary of what constitutes ‚Äúnot‚Ä¶ https://t.co/6c8alttfyD",2022-11-25
347,@MrAndyNgo @ramzpaul Incitement to violence will result in account suspension,2022-11-25
348,"@Cryptoking @RBReich Sorry for the delay, we‚Äôre tentatively launching Verified on Friday next week. 

Gold check fo‚Ä¶ https://t.co/GLv3hBcjxH",2022-11-25
349,@RBReich Interesting ‚Ä¶ now pay $8,2022-11-25
350,@stillgray @axios Much Ado About Nothing,2022-11-25
351,@AP But you have piqued my curiosity ‚Ä¶ who are these ‚Äúonline experts‚Äù you speak of?,2022-11-25
352,@AP AP is such an expert in misinformation. Twitter couldn‚Äôt hope to compete!,2022-11-25
353,@ThePrashanthCB @viniciuscfp82 Mars plans are still moving forward,2022-11-25
354,@viniciuscfp82 How can it be both illegal and ‚Äúby the court‚Äù? Twitter must abide by the laws of each country or get shut down.,2022-11-25
355,Thanksgiving cuisine is such a delightful symphony of flavor!‚Ä¶ https://t.co/b61TpqqT5s,2022-11-25
356,@PleaseBeGneiss ü§£ü§£,2022-11-25
357,"@jordanbpeterson This is simply based on the same list of terms that Twitter has used for some time, so ceteris paribus",2022-11-25
358,@amasad ü§£ü§£,2022-11-24
359,@WSJmarkets WSJ giving foot massages to a criminal,2022-11-24
360,@wallstreetpro @kevinolearytv Amazing ü§©,2022-11-24
361,@SGTValadez @BillyM2k Jack has a pure heart,2022-11-24
362,"@agazdecki Some have simply been abandoned, but vast numbers of handles were consumed by bots/trolls. Aiming to sta‚Ä¶ https://t.co/a0XF86YUht",2022-11-24
363,"The people have spoken.

Amnesty begins next week.

Vox Populi, Vox Dei.",2022-11-24
364,"RT @Tesla: Happy Thanksgiving! 

Thanks to the Tesla team, owners and fans for helping us accelerate the world‚Äôs transition to sustainable‚Ä¶",2022-11-24
365,"You might notice small, sometimes major, improvements in speed of Twitter. Will be especially significant in countries far away from USA.",2022-11-24
366,"Tesla Full Self-Driving Beta is now available to anyone in North America who requests it from the car screen, assum‚Ä¶ https://t.co/omKNN1N6b6",2022-11-24
367,@TomFitton That‚Äôs the general idea,2022-11-24
368,@ramzpaul Removing child exploitation is priority #1. Please reply in comments if you see anything that Twitter needs to address.,2022-11-24
369,@joevezz Oh we have quite the adventure ahead!,2022-11-24
370,Reducing the max allowed tweets/day to a number below what a speed typist on meth could do was helpful,2022-11-24
371,"I have half a mind to wag my finger at the 1500 accounts that caused the spike, but I shall forebear üôÑ",2022-11-24
372,@alx @nypost This is necessary to restore public trust,2022-11-24
373,"@JohnathonWillow Yeah, these are umm ‚Ä¶ bad words. I read through the list last week &amp; have to say I learned a few things üò≥!!",2022-11-24
374,@TheKameroon Great point! ‚ô•Ô∏è‚ô•Ô∏è‚ô•Ô∏è,2022-11-24
375,@theskindoctor13 ü§£,2022-11-24
376,@ahmedsalims Fun level on Twitter has definitely increased! I‚Äôm having a great time tbh.,2022-11-24
377,Hate speech impressions down by 1/3 from pre-spike levels. Congrats to Twitter team! https://t.co/5BWaQoIlip,2022-11-24
378,@montreal_girl @bradmcgash @teddyschleifer @CommunityNotes Working on it,2022-11-24
379,"@catturd2 @Rainmaker1973 They need to exist to stop scams, spam, NSFW &amp; illegal stuff from going viral, but they sh‚Ä¶ https://t.co/Exf6rKrqHG",2022-11-24
380,@PatrickWStanley @BillyM2k It is objectively the case that ‚Äúconservative‚Äù political candidates were more negatively‚Ä¶ https://t.co/8yraQgkzbT,2022-11-24
381,"@engineers_feed Neil A, which is alien spelled backwards, was first person on the moon, and the year was 69 ‚Ä¶",2022-11-24
382,"@stillgray Agreed, that is not ok",2022-11-24
383,"RT @TwitterBusiness: Stronger ROI for advertisers.
Relevant ads for everyone.

New Twitter solutions are now live üëá
https://t.co/9tWExprfZl",2022-11-24
384,"@teddyschleifer If SBF was as good at running a crypto exchange as he was at bribing media, FTX would still be solvent!",2022-11-24
385,Have a great Thanksgiving! üá∫üá∏‚ô•Ô∏èüá∫üá∏,2022-11-24
386,@TrungTPhan Is this really still happening @nytimes?,2022-11-24
387,@slashdot @dealbook This is one the biggest failures in US journalistic integrity of the 21st century,2022-11-24
388,"@ParikPatelCFA Lol, but actually true",2022-11-24
389,"@BillyM2k The more I learn, the worse it gets. The world should know the truth of what has been happening at Twitte‚Ä¶ https://t.co/w6T8BBLcfs",2022-11-23
390,@BillyM2k üíØüéØ,2022-11-23
391,@RyanZohoury @WholeMarsBlog @semaforben Good point. Conflicts of interest should be made readily apparent to the reader.,2022-11-23
392,@sourpatchlyds @semaforben Just wow ‚Ä¶,2022-11-23
393,@WholeMarsBlog @semaforben They should get a ‚ÄúSBF-Affiliated Media‚Äù label ü§£,2022-11-23
394,@WholeMarsBlog @semaforben Yup,2022-11-23
395,@nichegamer @brandonorselli @semaforben ü§£,2022-11-23
396,@nichegamer @brandonorselli @semaforben That‚Äôs why he won‚Äôt answer,2022-11-23
397,"@semaforben To be direct, the very real concern here is that you have been pushing a completely false SBF ownership‚Ä¶ https://t.co/3JkPjrocbS",2022-11-23
398,"@semaforben All public holders of Twitter were allowed to roll their stock into Twitter as a private company, but h‚Ä¶ https://t.co/OYqPr8UOn2",2022-11-23
399,@greg_price11 Yes,2022-11-23
400,"@vanschneider To be fair, there are many people at Twitter working late into the night, for whom I have great respect",2022-11-23
401,@Jason ü§£,2022-11-23
402,Awesome new Twitter merch! https://t.co/zqdL9xGRuR,2022-11-23
403,@EricRWeinstein It has been really bad. Far left San Francisco/Berkeley views have been propagated to the world via‚Ä¶ https://t.co/lTm9NHtsfe,2022-11-23
404,@jonesville @BusinessInsider It‚Äôs not a real publication,2022-11-23
405,@DavidSacks ü§£ü§£ with maybe a little editorial help from SBF‚Äôs employees @semafor,2022-11-23
406,@DogePotamus @dogehodl2021 @StephenKing This is awesome,2022-11-23
407,@EricNewcomer @karaswisher No grey area. Flat wrong.,2022-11-23
408,@EricNewcomer @karaswisher On the other @semafor *did* take the SBF money and @semaforben won‚Äôt disclose how much SBF owns of them,2022-11-23
409,@EricNewcomer @karaswisher I did not take the money. SBF/FTX do not own shares in Twitter.,2022-11-23
410,"World Cup traffic hit almost 20,000 tweets per second today! Great work by Twitter team managing record usage.",2022-11-23
411,@StephenKing Headline: ‚ÄúStephen King Tweet Causes My Pillow Sales to Skyrocket!‚Äù Lmaooo,2022-11-23
412,@DennisCricket_ Haha sorry code release towards end of next week should allow this again,2022-11-23
413,"@David_Ingram @semaforben @semafor No. He may have owned shares in Twitter as a public company, but he certainly do‚Ä¶ https://t.co/d0zPqw0XVf",2022-11-23
414,@karaswisher There was a time when you cared about the truth. That is long gone.,2022-11-23
415,"@semaforben @semafor As I said, neither I nor Twitter have taken any investment from SBF/FTX. Your article is a lie‚Ä¶ https://t.co/sUHGWyie48",2022-11-23
416,@wintonARK It was getting to the point where the minimum impulse bit for a Silicon Valley startup was a billion dollar market cap!,2022-11-23
417,"Should Twitter offer a general amnesty to suspended accounts, provided that they have not broken the law or engaged in egregious spam?",2022-11-23
418,@Timcast üéØü§£,2022-11-23
419,@engineers_feed @Twitter So much to fix at Twitter (sigh),2022-11-23
420,"@StatistaCharts There are lies, there are damn lies, and then there is Statista",2022-11-23
421,@BillyM2k Some things more so than others (sigh),2022-11-23
422,@MrAndyNgo True,2022-11-23
423,@ZacksJerryRig @CommunityNotes What do your jeans tell you? https://t.co/a2o6XSLm7t,2022-11-23
424,"@ZacksJerryRig According to Obama‚Äôs DoJ, the Ferguson shooting was unequivocally self-defense, so the Ferguson prot‚Ä¶ https://t.co/C8ezKBW1Ly",2022-11-23
425,"@ZacksJerryRig Full text:
https://t.co/PervJOJQbq",2022-11-23
426,@ZacksJerryRig What conspiracy theory? This what Obama‚Äôs DoJ published: https://t.co/O4DYAy63dD,2022-11-23
427,@Rainmaker1973 @gunsnrosesgirl3 Looking into it,2022-11-23
428,@Rainmaker1973 There was an error last week where the system incorrectly suspended &amp; deboosted your account. I‚Äôm to‚Ä¶ https://t.co/nrwejRpWas,2022-11-23
429,@JohnPhillips Truth over time builds trust. Nothing else.,2022-11-23
430,@elizableu I would like to know too,2022-11-23
431,@semaforben @semafor What percentage of you does he own?,2022-11-23
432,@hiromichimizuno Congratulations,2022-11-23
433,"More and more over time, as we hew closer to the truth, Twitter will earn the trust of the people",2022-11-23
434,I hope you get that which truly makes you happy,2022-11-23
435,@MattWallace888 @semafor Inmates are running the asylum at WaPo while Jeff parties in his hot tub,2022-11-23
436,@realchasegeiser ü§£ü§£ worth it,2022-11-23
437,@semafor What‚Äôs going on here @semaforben?,2022-11-23
438,@semafor Semafor is owned by SBF. This is a massive conflict of interest in your reporting. Journalistic integrity‚Ä¶ https://t.co/bXnwAjc3f7,2022-11-23
439,@mazemoore ü´∂,2022-11-23
440,What is best in life?,2022-11-23
441,@stillgray Troublesome,2022-11-23
442,@realGeorgeHotz Welcome to Twitter!,2022-11-23
443,"@BusinessInsider False. Also, Business is still not a real publication. Just give up.",2022-11-23
444,@TotalWorld1 „Çè„Åã„Çä„Åæ„Åó„Åü,2022-11-23
445,https://t.co/PervJOJQbq,2022-11-23
446,@StephenKing What *is* the best pillow?,2022-11-23
447,@StephenKing Is My Pillow actually a great pillow? Now I‚Äôm curious.,2022-11-23
448,@StephenKing Oh hi lol,2022-11-23
449,@EMTSLA @WholeMarsBlog Agreed,2022-11-23
450,@WholeMarsBlog Yea,2022-11-23
451,@WholeMarsBlog https://t.co/MbS8QAyQH7,2022-11-23
452,RT @SpaceX: Deployment of Eutelsat 10B confirmed https://t.co/2TwjY8ObzS,2022-11-23
453,Maybe we‚Äôve gone to heaven/hell &amp; don‚Äôt know it ü§î,2022-11-23
454,RT @SpaceX: Liftoff! https://t.co/gTbH5zOKCq,2022-11-23
455,Found in closet at Twitter HQ fr ü§£ü§£ https://t.co/3xSI3KvvHk,2022-11-23
456,@CEOAdam Twitter is where the opinion leaders are,2022-11-23
457,@catturd2 @PatrickW @kylenabecker @Twitter I am cautiously optimistic that things will work out well,2022-11-23
458,RT @TeslaCharging: 40k Superchargers around the world ‚Äî and counting https://t.co/w6tShTkwPA,2022-11-23
459,@kimbal @TheEconomist Nice,2022-11-23
460,Wasn‚Äôt Twitter supposed to die by now or something ‚Ä¶ ?,2022-11-23
461,@PatrickW @kylenabecker @Twitter A large coalition of political/social activist groups agreed not to try to kill Tw‚Ä¶ https://t.co/aiWlLuKTKg,2022-11-22
462,@DineshDSouza Correct,2022-11-22
463,@kylenabecker @Twitter Not even Associated Press with their completely fictional report on Russian missiles hitting‚Ä¶ https://t.co/VuSG8a0lf0,2022-11-22
464,@wizecrax @stillgray @kylenabecker @Twitter This is messed up,2022-11-22
465,"@kylenabecker @Twitter As is obvious to all but the media, there is not one permanent ban on even the most far left‚Ä¶ https://t.co/Kh03dS52Bq",2022-11-22
466,@kylenabecker @Twitter True,2022-11-22
467,"@waitbutwhy It is shocking how many journalists viscously attack free speech, but somehow think they‚Äôre the good guys!",2022-11-22
468,@BillyM2k the olden daze,2022-11-22
469,@jakeshieldsajj Indeed,2022-11-22
470,@R6BTuxYEfbGYIoB What do you mean?,2022-11-22
471,@WSJ @WSJopinion @AllysiaFinley .@CommunityNotes üôå,2022-11-22
472,"Wait, if I Tweet does that count as work?",2022-11-22
473,@SirineAti @Anc_Aesthetics Twitter,2022-11-22
474,"@PPathole @Anc_Aesthetics Yeah, about 6 months ago",2022-11-22
475,@Syndicate I see a path,2022-11-22
476,@TeslaGong @CSMFHT It‚Äôs coming,2022-11-22
477,@teslaownersSV @CSMFHT Looking into it,2022-11-22
478,@Anc_Aesthetics Pretty sure that was in Elden Ring,2022-11-22
479,@unusual_whales Perhaps not unreasonable to know if anything was accomplished ü´∂,2022-11-22
480,"This will improve a lot as Twitter becomes fast to use outside of North America, Western Europe &amp; Japan",2022-11-22
481,"@CSMFHT Pupienus Maximus!
https://t.co/RQT01Xc2fz",2022-11-22
482,@sama Plot twist!,2022-11-22
483,@dogeofficialceo @MrBeast Written content too,2022-11-22
484,@MrBeast Let‚Äôs see what happens when Twitter offers good video with higher compensation for creators ‚Ä¶,2022-11-22
485,The Tactics of Mistake,2022-11-22
486,@mosstache üíØüéØü§£,2022-11-22
487,"Twitter added 1.6M daily active users this past week, another all-time high https://t.co/Si3cRYnvyD",2022-11-22
488,"Holding off relaunch of Blue Verified until there is high confidence of stopping impersonation. 

Will probably use‚Ä¶ https://t.co/aAkZU5Aj9F",2022-11-22
489,@egoraptor lmao,2022-11-22
490,@PPathole Dune. Amazing to think it was written in 1965!,2022-11-21
491,@WSJ @WSJopinion @AllysiaFinley Yeah umm ‚Ä¶ that is definitely not the reason it failed,2022-11-21
492,@Jason ü§£,2022-11-21
493,Starlink now works for high latitudes https://t.co/Ngdh8CJbCJ,2022-11-21
494,Tesla Megapacks are highly effective in addressing electricity demand spikes that cause power outages https://t.co/V4n5c4ZvNH,2022-11-21
495,@JamesSpiro @Israel @taylorswift13 I have! It was great.,2022-11-21
496,@cb_doge @DanSum519 @stillgray Not many tbh,2022-11-21
497,@Israel @taylorswift13 Your tweets are good! More countries should tweet like this. No fun being all stuffy.,2022-11-21
498,Experience: what you get when you didn‚Äôt get what you wanted - Igor,2022-11-21
499,"@DanSum519 @stillgray Oh they‚Äôll be back on Twitter, if they even actually left. This platform is like pharmaceutical-grade crack to them.",2022-11-21
500,@stillgray I am having a great time ü§£ü§£,2022-11-21
501,Fanaticism is always a function of repressed doubt ‚Äì Dune,2022-11-21
502,Namaste üôè,2022-11-21
503,"@mysteriouskat It‚Äôs a reverse, reverse psychology trick",2022-11-21
504,@mysteriouskat üëÄ,2022-11-21
505,@waitbutwhy Absolutely,2022-11-21
506,"@lenjin2 @catturd2 I like his music tbh, but maybe Etsy is more his style",2022-11-21
507,"Hope all judgy hall monitors stay on other platforms ‚Äì please, I‚Äôm begging u",2022-11-21
508,@rhemrajani9 Feels so long ago ü§≠,2022-11-21
509,@lexfridman It is so entertaining!,2022-11-21
510,Twitter is fun üöÄ üí´ ‚ô•Ô∏è,2022-11-21
511,@KimDotcom @BillFOXLA @FoxNews Behavior follows the incentives for political power,2022-11-21
512,@lexfridman Good times :),2022-11-21
513,@LanceUlanoff @Rainmaker1973 Then let us work to make the future better,2022-11-21
514,"@rationalwalk @BillFOXLA @FoxNews We should actively recruit the best &amp; brightest to part of the United States! 

T‚Ä¶ https://t.co/ex7NbFl3o4",2022-11-21
515,@micsolana So unfair! ü§£,2022-11-21
516,@MrStevenSteele @catturd2 ü§£,2022-11-21
517,@catturd2 And it turns out that Trent ‚Äúnine inch nails‚Äù Reznor is actually a crybaby ü§£,2022-11-21
518,@Rainmaker1973 I can‚Äôt think of a worse curse than living forever,2022-11-21
519,"@BillFOXLA @FoxNews Seems bizarre that it‚Äôs so easy enter illegally, but so hard to get a legal work visa",2022-11-21
520,"@KimDotcom @SamHarrisOrg My firstborn child died in my arms. I felt his last heartbeat. 

I have no mercy for anyon‚Ä¶ https://t.co/s8vsRUO3HC",2022-11-21
521,"@teslaownersSV @EvaFoxU Oh man, that‚Äôs a long story, but if we haven‚Äôt cut response time in half by end of year, I‚Ä¶ https://t.co/TFkXWUJjkw",2022-11-21
522,@BLKMDL3 @EvaFoxU Latter,2022-11-21
523,"@teslaownersSV @EvaFoxU Yes, major focus on video overall",2022-11-21
524,@EvaFoxU Priority #1,2022-11-21
525,"@SamHarrisOrg Suffer little children, and forbid them not, to come unto me: for of such is the kingdom of heaven",2022-11-21
526,@EvaFoxU Falcon is powered by 9 merkins!,2022-11-21
527,Our love will never die https://t.co/y5SldfAAt0,2022-11-21
528,And lead us not into temptation ‚Ä¶ https://t.co/8qNOXzwXS9,2022-11-21
529,@EvaFoxU So tempting ‚Ä¶,2022-11-21
530,@HappyJesse Yes,2022-11-20
531,"@kanyewest Don‚Äôt kill what ye hate
Save what ye love",2022-11-20
532,@teslaownersSV @kcoleman Making good progress. Still tracking to wide release next month.,2022-11-20
533,"World Cup Qatar 2022: Opening Ceremony
https://t.co/TjSSitY7fK",2022-11-20
534,"@TimRunsHisMouth So you say ‚Äúmainstream media‚Äù is biased? 

Hmm, will have to fact-check that with mainstream media‚Ä¶ https://t.co/YZQEhyu601",2022-11-20
535,"@RaheemKassam They just can‚Äôt stop writing about Twitter, which is driving usage through roof lmao",2022-11-20
536,@catturd2 One thing is for sure: it‚Äôs not boring https://t.co/47uPkl88gZ,2022-11-20
537,@kcoleman Exactly,2022-11-20
538,@stillgray @mtaibbi ‚ÄúAll the news that‚Äôs fit to print‚Äù my ass,2022-11-20
539,@CBSNewsPress ü§≠,2022-11-20
540,@Starbie888 @NateSilver538 [Cue Spider-Man meme],2022-11-20
541,@Starbie888 @NateSilver538 What could be more fun than a social network consisting entirely of hall monitors!?,2022-11-20
542,@NateSilver538 ü§£ü§£üíØüéØ,2022-11-20
543,@mtaibbi It is tragic how far The New York Times has fallen ‚Äì basically just boring af far left brainwashing at thi‚Ä¶ https://t.co/GOktTCHe2N,2022-11-20
544,World Cup starts soon! Follow on Twitter for best coverage by far.,2022-11-20
545,@WholeMarsBlog ü§£,2022-11-20
546,@TomFitton Sure as night follows day ‚Ä¶,2022-11-20
547,@JGreenblattADL @ADL Hey stop defaming me!,2022-11-20
548,@naiivememe üî•üî•,2022-11-20
549,Twitter is ALIVE,2022-11-20
550,@EMTSLA @teslaownersSV @RaheemKassam @nypost Good idea,2022-11-20
551,@teslaownersSV @RaheemKassam @nypost Their posts are super boring,2022-11-20
552,@RaheemKassam @nypost They should bring Walter Cronkite back,2022-11-20
553,@nypost Oh forget it who cares,2022-11-20
554,@RenataKonkoly @nypost ü§£üíØ,2022-11-20
555,@nypost Who made this decision?,2022-11-20
556,@BuzzPatterson üòâ,2022-11-20
557,@KimDotcom Twitter engineering is working on it,2022-11-20
558,RT @Tesla: Inside Tesla exhibit at Petersen Automotive Museum opens tomorrow https://t.co/qU3IickfBw,2022-11-20
559,@sriramk Server load is insane rn. Good stress test before World Cup tomorrow!,2022-11-20
560,@DavidSacks Well-said,2022-11-20
561,@LefterisJP Lmaooo,2022-11-20
562,RT @TrungTPhan: Twitter servers right now https://t.co/f65xDOb981,2022-11-20
563,@TrungTPhan ü§£ü§£,2022-11-20
564,"The people have spoken. 

Trump will be reinstated.

Vox Populi, Vox Dei. https://t.co/jmkhFuyfkv",2022-11-20
565,@TheBabylonBee ü§£ but actually,2022-11-20
566,@MomAngtrades ü§£,2022-11-20
567,134M people have seen this poll,2022-11-19
568,@TrungTPhan Red Bull does work tbh,2022-11-19
569,@BillyM2k @lexfridman Definitely need to improve Twitter‚Äôs dopamine/cortisol ratio!,2022-11-19
570,@BillyM2k @waitbutwhy I agree,2022-11-19
571,@micsolana ü§£ü§£,2022-11-19
572,The most entertaining outcome is the most likely ‚Äì my variant on Occam‚Äôs Razor,2022-11-19
573,@alexxubyte Twitter search will add feedback loops to improve result rank based on which result you click on &amp; whet‚Ä¶ https://t.co/8XBsjj883M,2022-11-19
574,"@alexxubyte Notes from last night:
- Maybe deprecate TLS this week, as only needed if Android app &gt;1 year old.
- Ho‚Ä¶ https://t.co/eu0Io0BS0f",2022-11-19
575,@ErrolWebber Most accurate would be to require access to phone GPS for location-specific polls,2022-11-19
576,@ErrolWebber Yes,2022-11-19
577,Fascinating to watch Twitter Trump poll!,2022-11-19
578,@Nomad_1x Bot &amp; troll armies might be running out of steam soon. Some interesting lessons to clean up future polls.,2022-11-19
579,@DavidSacks Good question,2022-11-19
580,@WholeMarsBlog Most amount of people I‚Äôve ever seen in the building by far,2022-11-19
581,@micsolana ü§£ü§£,2022-11-19
582,@Jason @DavidSacks @Zappos That was certainly my intention too!,2022-11-19
583,Tesla FSD 10.69.3.1 going to wide release now,2022-11-19
584,Just leaving Twitter HQ code review https://t.co/pYcXRTJm14,2022-11-19
585,@Nomad_1x The bot attack is impressive to watch!,2022-11-19
586,Trump poll getting ~1M votes/hour!,2022-11-19
587,@micsolana Can‚Äôt tell if this is parody or real,2022-11-19
588,"@jack @Lucididy @jordanbpeterson Verification through the payment system plus phones, but allowing pseudonyms is th‚Ä¶ https://t.co/aWZwNyZB47",2022-11-19
589,"@saylor When polls are about a significant question, even those who don‚Äôt follow me tend to hear about it. That sai‚Ä¶ https://t.co/xMb5xykjSi",2022-11-19
590,@lexfridman Agreed,2022-11-19
591,"Vox Populi, Vox Dei",2022-11-19
592,Reinstate former President Trump,2022-11-19
593,@thevivafrei @paraga @jack Too bad,2022-11-19
594,@S3XYstarship @slashdot DoJ Antitrust @JusticeATR,2022-11-19
595,"@slashdot App store fees are obviously too high due to the iOS/Android duopoly. 

It is a hidden 30% tax on the Internet.",2022-11-19
596,@Tesmanian_com Kind of him to say. I look forward to meeting.,2022-11-19
597,@TrungTPhan ü§£,2022-11-18
598,First World Cup match on Sunday! Watch on Twitter for best coverage &amp; real-time commentary.,2022-11-18
599,@BillyM2k Exactly,2022-11-18
600,@Benioff Thanks Marc ‚ù§Ô∏è,2022-11-18
601,@HardcoreNolley No,2022-11-18
602,"Note, this applies just to the individual tweet, not the whole account",2022-11-18
603,@TheBabylonBee If only there had been a way ‚Ä¶ ü§£ü§£,2022-11-18
604,"Kathie Griffin, Jorden Peterson &amp; Babylon Bee have been reinstated.

Trump decision has not yet been made.",2022-11-18
605,"New Twitter policy is freedom of speech, but not freedom of reach.

Negative/hate tweets will be max deboosted &amp; de‚Ä¶ https://t.co/tZoc0Nkr9z",2022-11-18
606,Freedom Fridays ‚Ä¶,2022-11-18
607,@BillyM2k Jazz hands ü§ó,2022-11-18
608,What should Twitter do next?,2022-11-18
609,@Yemen_770 ü§£,2022-11-18
610,@micsolana You don‚Äôt say ‚Ä¶,2022-11-18
611,@SamTwits Of course not ‚ù§Ô∏è,2022-11-18
612,@DrKrusher ü•±,2022-11-18
613,@MikeDulaimi I stand corrected!,2022-11-18
614,https://t.co/OjhQJvruTy,2022-11-18
615,@lionxmah @folha ?,2022-11-18
616,@AOC You‚Äôre welcome,2022-11-18
617,"@WholeMarsBlog Record numbers of users are logging in to see if Twitter is dead, ironically making it more alive than ever!",2022-11-18
618,@piersmorgan Seriously,2022-11-18
619,https://t.co/JU073T756X,2022-11-18
620,https://t.co/rbwbsLA1ZG,2022-11-18
621,üè¥‚Äç‚ò†Ô∏è,2022-11-18
622,@ashleevance ü§£,2022-11-18
623,Let that sink in ‚Ä¶,2022-11-18
624,And ‚Ä¶ we just hit another all-time high in Twitter usage lol,2022-11-18
625,"@stoolpresidente The best people are staying, so I‚Äôm not super worried",2022-11-18
626,"@bgurley @MichaelGuimarin Don‚Äôt wanna jinx it, but there‚Äôs a chance we can keep Twitter alive ‚Ä¶ https://t.co/mk3aCq0dEB",2022-11-18
627,@anothercohen Thanks for helping out. You‚Äôre a lifesaver!,2022-11-18
628,@MichaelGuimarin Thanks!,2022-11-18
629,"How do you make a small fortune in social media?

Start out with a large one.",2022-11-18
630,@growing_daniel @micsolana ü§£,2022-11-17
631,"@EvaFoxU The media constantly writing about Twitter is driving usage to all-time highs, so it‚Äôs fine by me!",2022-11-17
632,@MinimalDuck @Tesla Cybertruck is something special that comes along once in a long while,2022-11-17
633,@heydave7 Current class-action law is actually a massive tax on the American people and desperately needs reform. I‚Ä¶ https://t.co/j1OmAXBVgf,2022-11-17
634,@heydave7 The actual attackers in class-action lawsuits are the law firms. They just find someone in the class to be their puppet.,2022-11-17
635,@AutismCapital Ok,2022-11-17
636,@chazman We‚Äôre working on something that should rank replies automatically,2022-11-17
637,Twitter is like open-sourcing the news,2022-11-17
638,@dogeofficialceo Polycule üî•üî•,2022-11-17
639,@sama Probably,2022-11-17
640,@Dilbert_Daily Even TikTok is super dependent on ads,2022-11-17
641,"SBF is ineffective altruism, but they thought he was saying he was in effective altruism. Easy misunderstanding.",2022-11-17
642,@growing_daniel @jeremiahscholl I don‚Äôt wanna brag but ‚Ä¶ it‚Äôs true,2022-11-17
643,@minliangtan Definitely,2022-11-17
644,Not to mention the sickkk memes lol,2022-11-17
645,Coverage of FTX meltdown is incomparably faster *and* better quality on Twitter than old-school media,2022-11-17
646,@BillyM2k @adamscochran @accretionist Ability to do long tweets coming soon,2022-11-17
647,@westcoastbill https://t.co/O9quYfsUqV,2022-11-17
648,"@AutismCapital It‚Äôs not his fault, society is to blame. Arrest society!",2022-11-17
649,@SaladBarFan üéØ,2022-11-17
650,@DavidSacks I believe in vice-signaling,2022-11-17
651,"@laurenweinstein @stocktalkweekly Correct. I will continue to run Twitter until it is in a strong place, which will take some time.",2022-11-17
652,@jack Magic üé± knows all,2022-11-17
653,@amitkgupta84 @Jason Literally working on that tonight,2022-11-17
654,@paulg People have no idea how fast Twitter will evolve,2022-11-16
655,@WholeMarsBlog Yep,2022-11-16
656,"@realGeorgeHotz @boing Sure, let‚Äôs talk.",2022-11-16
657,RT @Tesla: Model S received the highest overall score from Euro NCAP among any vehicle tested under the current protocol¬†‚Üí https://t.co/dTd‚Ä¶,2022-11-16
658,"@jimmyfallon Wait a second, how do we know you‚Äôre not an alien body snatcher pretending to be Jimmy!? 

Say somethi‚Ä¶ https://t.co/9d3zcIzc44",2022-11-16
659,@rising_serpent Why is that?,2022-11-16
660,@jimmyfallon Sounds like a job for @CommunityNotes!,2022-11-16
661,"@bowx_ To heir is human, to forgive, divine (something like that)",2022-11-16
662,@jimmyfallon Fix what?,2022-11-16
663,@Mrwhosetheboss Maybe,2022-11-16
664,@NASA @NASAArtemis @NASA_SLS @NASA_Orion Congratulations!!,2022-11-16
665,@JuliusSinghania @wongmjane X will be the everything app,2022-11-16
666,@yukaichou I‚Äôm the taint haha,2022-11-16
667,"@nichegamer @teslaownersSV @chicago_glenn @stillgray @dcherring Yeah, next-level ü§£ü§£",2022-11-16
668,"RT @NASA: LIVE NOW: The #Artemis era of exploration begins today with @NASAArtemis I, the first integrated test flight of the rocket and sp‚Ä¶",2022-11-16
669,@teslaownersSV @chicago_glenn @stillgray @dcherring @nichegamer Fasting + Ozempic/Wegovy + no tasty food near me,2022-11-16
670,@chicago_glenn @stillgray @dcherring @nichegamer Down 30 lbs!,2022-11-16
671,@jhall @stillgray @dcherring @nichegamer @Forbes Yup,2022-11-16
672,@wongmjane üòâ,2022-11-16
673,"@stevenmarkryan My apologies, this will be fixed within a week, two at most",2022-11-16
674,@stillgray @dcherring @nichegamer Agreed. What will matter in the future is how many Verified followers you have.,2022-11-16
675,RT @Tesla: https://t.co/2Ylnmh97Oz,2022-11-16
676,@teslaownersSV We‚Äôll widen V11 beta before Thanksgiving,2022-11-16
677,@dcherring @nichegamer Hard to say who‚Äôs celeb &amp; who isn‚Äôt. Being able to sort by follower count &amp; disallowing deli‚Ä¶ https://t.co/59KCz3ZRWH,2022-11-16
678,@nichegamer All unpaid legacy Blue checkmarks will be removed in a few months,2022-11-16
679,"@RationalBlonde With new release, changing your verified name will cause loss of checkmark until name is confirmed‚Ä¶ https://t.co/ny25CAz4nd",2022-11-15
680,@RationalBlonde ü§£,2022-11-15
681,@TweetsOfJee @RationalBlonde ü§£,2022-11-15
682,Punting relaunch of Blue Verified to November 29th to make sure that it is rock solid,2022-11-15
683,@business False,2022-11-15
684,@mrjasonchoi @nytimes Interesting thread,2022-11-15
685,"@SenBillNelson @NASA @SpaceX Much appreciated, SpaceX will not let NASA down!",2022-11-15
686,Important to admit when I‚Äôm wrong &amp; firing them was truly one of my biggest mistakes,2022-11-15
687,Welcoming back Ligma &amp; Johnson! https://t.co/LEhXV95Njj,2022-11-15
688,@BillyM2k Actual Silicon Valley is way crazier!,2022-11-15
689,"@waitbutwhy This is just as a result of people living longer. Population collapse is already built-in, due to drama‚Ä¶ https://t.co/3LTXFsDsny",2022-11-15
690,@jack @micsolana üíØ,2022-11-15
691,@elonchieftwit False,2022-11-15
692,@mualphaxi @micsolana @JTLonsdale @SenMarkey Much appreciated,2022-11-15
693,@presidentbison @schrep Schrep is great,2022-11-15
694,@libsoftiktok A tragic case of adult onset Tourette‚Äôs,2022-11-15
695,@catturd2 @WholeMarsBlog You make a compelling case,2022-11-15
696,@micsolana The injustice of it all üò≠üò≠,2022-11-15
697,@ajtourville @unusual_whales Seriously,2022-11-15
698,@chriskatje @unusual_whales Ligma &amp; Johnson are welcome back anytime,2022-11-15
699,@unusual_whales I would like to apologize for firing these geniuses. Their immense talent will no doubt be of great use elsewhere.,2022-11-15
700,@MuskUniversity (cue Obama giving himself a medal meme),2022-11-15
701,@MuskUniversity Exactly,2022-11-15
702,@schrep Server control team knows because they stop working from time to time. That‚Äôs why they have the ‚Äúcritical 40‚Äù list.,2022-11-15
703,"@schrep True. Server side can (and has been) brute-forced, but that can‚Äôt solve weak Internet connections &amp; older p‚Ä¶ https://t.co/zlAcYwOpPK",2022-11-15
704,"@WholeMarsBlog Starlink is rebuilding the Internet in space, so maybe I know slightly more than some guy who wrote code for a website",2022-11-15
705,"@schrep There are ~1200 ‚Äúmicroservices‚Äù server side, of which ~40 are critical to Twitter working at all, according‚Ä¶ https://t.co/DsbJoV7JTT",2022-11-15
706,"@schrep Twitter is very slow in India, Indonesia &amp; many other countries. This is fact, not ‚Äúclaim‚Äù.

10 to 15 secs‚Ä¶ https://t.co/VSIJZd7LpY",2022-11-15
707,@Umbisam Mr. Munger‚Äôs words are much appreciated,2022-11-15
708,@mayemusk @Twitter @instagram @Fidias0 ü§ó,2022-11-15
709,@minliangtan @wlopwangling Malenia battle was next-level intense,2022-11-15
710,"@minliangtan @wlopwangling Yes, although it seemed almost impossible at times",2022-11-15
711,@waitbutwhy The ratings on this simulation are incredible,2022-11-15
712,@wlopwangling Definitely,2022-11-15
713,@Popeska @sampullara Why is Twitter unusably slow in many countries? Seems odd that this would be bandwidth only.,2022-11-15
714,"@micsolana Yeah, I hate it",2022-11-15
715,"By the People,
For the People",2022-11-15
716,Twitter is All the News,2022-11-15
717,"@NASASpaceflight Next test is ~20 sec firing with max oxygen fill to test autogenous pressurization, possibly one m‚Ä¶ https://t.co/Ih19Qi45WL",2022-11-15
718,@NASASpaceflight Test went well,2022-11-15
719,@ChrisJBakke @TrungTPhan @nytimes ü§©,2022-11-15
720,@_corywynn_ @TrungTPhan ü§£,2022-11-15
721,@TrungTPhan Why the puff piece @nytimes?,2022-11-15
722,@WholeMarsBlog Good question,2022-11-14
723,@cb_doge Did seem a little Dr Evil tbh haha,2022-11-14
724,"@alexeheath This is an external analysis, not from Twitter. It is lower than Twitter‚Äôs published mDAU.",2022-11-14
725,S√¨√¨! https://t.co/Gj1wHytJxk,2022-11-14
726,@NASASpaceflight Full test duration of 14 engines,2022-11-14
727,Recent trend is promising https://t.co/0q7UdxSkbM,2022-11-14
728,@nichegamer @abhiharry726 @sampullara That‚Äôs what I said!,2022-11-14
729,"@abhiharry726 @sampullara In some parts of the world, refresh takes 30 seconds",2022-11-14
730,@Popeska @sampullara How many serial requests are made by app to refresh timeline?,2022-11-14
731,@sampullara And we will finally stop adding what device a tweet was written on (waste of screen space &amp; compute) be‚Ä¶ https://t.co/wikS36jkJI,2022-11-14
732,@sampullara Part of today will be turning off the ‚Äúmicroservices‚Äù bloatware. Less than 20% are actually needed for Twitter to work!,2022-11-14
733,"@sampullara I was told ~1200 RPCs independently by several engineers at Twitter, which matches # of microservices.‚Ä¶ https://t.co/zQfYymK3LP",2022-11-14
734,@mishaboar @MattWallace888 That is not good,2022-11-14
735,@SeagerKershaw @KoguanLeo @hiromichimizuno This is up to the Tesla board,2022-11-14
736,@leandroruschel @rmotta2 Can you cite specific instances of significance?,2022-11-14
737,@Alpsoy66 @EricFrohnhoefer @MEAInd I have Tesla covered too. Will be there part of this week.,2022-11-14
738,@dogeofficialceo @EricFrohnhoefer @MEAInd That‚Äôs the bizarre part,2022-11-14
739,@sselrehtaef ü§£üíØ,2022-11-14
740,@helvio @rmotta2 How was it proven?,2022-11-14
741,"@MattWallace888 Yay, he‚Äôs investing in Tesla!",2022-11-14
742,@TaraBull808 @MarioNawfal @KimDotcom @RealChetBLong @favrue3 @cvpayne @AlderLaneEggs @bennyjohnson @catturd2‚Ä¶ https://t.co/qaFg8ioMVQ,2022-11-14
743,@EricFrohnhoefer @MEAInd I‚Äôm ready through the list right now,2022-11-14
744,"@EricFrohnhoefer @MEAInd True, the food is great. 

The fact that you don‚Äôt realize that there are up to 1200 ‚Äúmicr‚Ä¶ https://t.co/XJTGVqv8GG",2022-11-14
745,@FBIPantyRaid @ThisIsKyleR Interesting,2022-11-14
746,@rmotta2 It‚Äôs on my list to review. How urgent is this?,2022-11-14
747,@SawyerMerritt That is my philosophy,2022-11-14
748,@jimcramer @JohnLegere Umm ‚Ä¶ no,2022-11-14
749,@chainsawdotcom @CL207 SpaceX Starlink bought a tiny ‚Äì not large ‚Äì ad package to test effectiveness of Twitter adve‚Ä¶ https://t.co/vgssXxhrwU,2022-11-14
750,@NFTDannny @SawyerMerritt End of week,2022-11-14
751,@Fwiz @SawyerMerritt Join Twitter!,2022-11-14
752,@CL207 Comments in this thread had me rofl,2022-11-14
753,@CL207 ü§£ü§£üî•üî•ü™¶ü™¶,2022-11-14
754,@SawyerMerritt Something tells me this would work üß†,2022-11-14
755,@__SeriousGemini @dawallach @Jason That goes without saying ü§£,2022-11-14
756,"@dawallach @Jason BTC will make it, but might be a long winter",2022-11-14
757,@johnjhacking Concerning,2022-11-14
758,@TrungTPhan @SBF_FTX üî•üî•,2022-11-14
759,@ShooterMcKevin1 @MrHumanityGives Accurate assessment,2022-11-14
760,@chicago_glenn @MrHumanityGives Great movie,2022-11-14
761,@MrHumanityGives Are FB followed real?,2022-11-14
762,@BillyM2k Damn,2022-11-14
763,@gchahal Good summary!,2022-11-14
764,@MuskUniversity I do,2022-11-14
765,@AnaPaulaVolei @GFiuza_Oficial Will look into it,2022-11-14
766,@ashleevance ü§£üíØ,2022-11-13
767,@EricFrohnhoefer Twitter is super slow on Android. What have you done to fix that?,2022-11-13
768,@EricFrohnhoefer Then please correct me. What is the right number?,2022-11-13
769,"@_hawko False. Twitter spends $13M/year on food service for SF HQ. Badge in records show peak occupancy was 25%, av‚Ä¶ https://t.co/IszgLgq7C8",2022-11-13
770,@WallStreetSilv @mtaibbi Yup,2022-11-13
771,@TrungTPhan ü§£,2022-11-13
772,@dennishegstad Increasing granularity about what ‚Äúverified‚Äù actually means is the right move,2022-11-13
773,@jakeshieldsajj @SenMarkey @washingtonpost https://t.co/oNmqc7NlxY,2022-11-13
774,@dogeofficialceo @TomFitton https://t.co/P0piGwEkmG,2022-11-13
775,@dogeofficialceo @TomFitton ü§î,2022-11-13
776,@TomFitton ü§î https://t.co/XpH56PxLgm,2022-11-13
777,@lexfridman I think you‚Äôre great,2022-11-13
778,@Tattytats @AmoneyResists I can‚Äôt tell,2022-11-13
779,@nichegamer Especially bizarre given that almost no one came to the office. Estimated cost per lunch served in past 12 months is &gt;$400.,2022-11-13
780,@micsolana ü§£,2022-11-13
781,"@HSajwanization I hope they keep cursing me on Twitter, as it increases advertising revenue!",2022-11-13
782,@219_eth üßê,2022-11-13
783,@dennishegstad We will enable organizations to manage affiliations,2022-11-13
784,"@engineers_feed Output of any company is the vector sum of people within it. Someone may be a strong vector, but ne‚Ä¶ https://t.co/cfQiUfq5qq",2022-11-13
785,"Btw, I‚Äôd like to apologize for Twitter being super slow in many countries. App is doing &gt;1000 poorly batched RPCs j‚Ä¶ https://t.co/GBcu3pBTIw",2022-11-13
786,@jessica_kirsh @SpaceX @TeslaAIBot @Tesla Cool :),2022-11-13
787,"@johnkrausphotos Ultimately, I think there is no choice but for Twitter to be the final arbiter, but I‚Äôm open to suggestions",2022-11-13
788,"Rolling out soon, Twitter will enable organizations to identify which other Twitter accounts are actually associated with them",2022-11-13
789,@D4VIDBRAVO Coming soon,2022-11-13
790,"@sama Amphetamines negatively affect empathy, psychedelics do the opposite",2022-11-13
791,@People4Bernie @SenMarkey @washingtonpost Are you suggesting the Senator will abuse his political power to attack me?,2022-11-13
792,@BillyM2k Twitter rocks,2022-11-13
793,@muratpak @archillect What matters is that you love them,2022-11-13
794,Twitter feels increasingly alive,2022-11-13
795,@JohnLegere @HolyKnightKeith @Twitter @MikeSievert @TMobile I like both you and Mike! It‚Äôs just that Twitter at its‚Ä¶ https://t.co/9T96bcPuOX,2022-11-13
796,@JohnLegere @Twitter No,2022-11-13
797,"@TomFitton SBF was a major Dem donor, so no investigation",2022-11-13
798,@dogeofficialceo @SenMarkey @washingtonpost ü§£ü§£,2022-11-13
799,@SenMarkey @washingtonpost And why does your pp have a mask!?,2022-11-13
800,@SenMarkey @washingtonpost Perhaps it is because your real account sounds like a parody?,2022-11-13
801,@BLKMDL3 @DirtyTesLa @WholeMarsBlog Rollout will broaden roughly every week,2022-11-13
802,@ID_AA_Carmack Fond memories,2022-11-13
803,@TaraBull808 ü§£üíØ,2022-11-13
804,@WholeMarsBlog @saasInvestor Ok ‚Ä¶,2022-11-13
805,@DirtyTesLa @WholeMarsBlog Probably next month,2022-11-13
806,@DirtyTesLa @WholeMarsBlog Going without saying that we all want ASS (Actually Smart Summon) ASAP!!,2022-11-13
807,@slashdot No way,2022-11-13
808,@debarghya_das @ayushkhd @Tesla Making Tesla Superchargers &amp; connectors available to all is the right thing to do,2022-11-13
809,@A_MrBenMitchell @RadioShack @MarioNawfal Spaces should be evolve. It has potential to be truly great.,2022-11-13
810,@pauljamil @philbak1 Probably end of next week,2022-11-13
811,@philbak1 My reaction to SBF was ‚Ä¶ different,2022-11-13
812,@MarioNawfal Twitter at its best!,2022-11-13
813,@alex_avoigt üí™üí™,2022-11-13
814,@kellymilkies @tomasverdugo @balinares üéØ,2022-11-13
815,@elephantbridge @balinares Yes,2022-11-12
816,"@balinares This is false. Anyone who can be in office, should be. However, if not logistically possible or they hav‚Ä¶ https://t.co/DrJ1ID1bQL",2022-11-12
817,Order at https://t.co/Q1VvqV5G0i! https://t.co/Ehca6KRk3v,2022-11-12
818,@andst7 wen doc series? @netflix,2022-11-12
819,@MuskUniversity Yup,2022-11-12
820,@CathieDWood Exactly,2022-11-12
821,@Thnaiyan ÿ≥ŸàŸÅ ÿ™ŸÅÿπŸÑ,2022-11-12
822,@andst7 Cool,2022-11-12
823,@andst7 https://t.co/ZpZ6B4F7Ou,2022-11-12
824,@westcoastbill ü¶æ,2022-11-12
825,"@WholeMarsBlog Given all that is in V11, it will take a few weeks to expand the beta, then another few weeks to go‚Ä¶ https://t.co/Dm9CoW9FSf",2022-11-12
826,RT @Tesla: Join our growing team installing Solar + Powerwall across the US ‚Üí https://t.co/BMlhHBbAJn https://t.co/mVupmqcjiK,2022-11-12
827,"RT @TeslaSolar: Tesla solar and Powerwall can power your home &amp; reduce your dependence on the grid ‚Äì at the lowest price in the US ‚Üí
https:‚Ä¶",2022-11-12
828,RT @SpaceX: Deployment of @Intelsat Galaxy 31 confirmed https://t.co/OmnFr0GUdy,2022-11-12
829,RT @SpaceX: Liftoff! https://t.co/u2frCG8Jji,2022-11-12
830,@WholeMarsBlog FSD V11 rolled out at 11:11pm Pacific,2022-11-12
831,ü™¶ü§ñ,2022-11-12
832,Twitter is,2022-11-12
833,@KimDotcom @sama Not sure I have much to add,2022-11-12
834,@sama https://t.co/Im1hBlUihz,2022-11-12
835,FTX meltdown/ransack being tracked in real-time on Twitter,2022-11-12
836,@BillyM2k ü§î,2022-11-12
837,@SCHIZO_FREQ ü§£,2022-11-12
838,@alexgilbertnz @TechEmails It‚Äôs coming,2022-11-12
839,"@TechEmails Accurate. He set off my bs detector, which is why I did not think he had $3B.",2022-11-12
840,We‚Äôre adding a ‚ÄúParody‚Äù subscript to clarify,2022-11-11
841,@chicago_glenn @BernieSanders @CommunityNotes ü§£,2022-11-11
842,"@BernieSanders Full answer to insulin price question is complex. Short answer is that original insulin, discovered‚Ä¶ https://t.co/v9J8SC5mY5",2022-11-11
843,"@WholeMarsBlog It used to be:

‚ÄúInternet guy will fail at rockets/cars!‚Äù

Now it is:

‚ÄúRockets/cars guy will fail a‚Ä¶ https://t.co/qJYpITjOcy",2022-11-11
844,RT @SpaceX: Happy Veterans Day to all those who have served! https://t.co/81iK9DBhKj,2022-11-11
845,@MostlyPeacefull lol,2022-11-11
846,@SawyerMerritt @BillyM2k @WholeMarsBlog Maybe should be default off? Subscriber is a way better name.,2022-11-11
847,"RT @TeslaCharging: In pursuit of our mission, today we are opening up our EV connector design ‚Üí

https://t.co/HTk7Si9XZy https://t.co/vMKts‚Ä¶",2022-11-11
848,@sama https://t.co/C8hn7Ohxt4,2022-11-11
849,"Mainstream media will still thrive, but increased competition from citizens will cause them to be more accurate, as‚Ä¶ https://t.co/MTVMlKlV6D",2022-11-11
850,@stillgray True,2022-11-11
851,This is from the video arcade &amp; bar area,2022-11-11
852,@EvaFoxU Interesting,2022-11-11
853,@TrungTPhan ü§£,2022-11-11
854,"As Twitter pursues the goal of elevating citizen journalism, media elite will try everything to stop that from happening",2022-11-11
855,@JeffTutorials What is Quill?,2022-11-11
856,@paulg @micsolana ü•π,2022-11-11
857,Twitter HQ is great (this is a real pic) https://t.co/EiAXAF0CaE‚Ä¶ https://t.co/EiAXAF0CaE,2022-11-11
858,"@EvaFoxU @Reuters When @CommunityNotes rolls out worldwide, it will have a powerful impact on falsehoods",2022-11-11
859,@Reuters False,2022-11-11
860,"@BTC_Archive Needs some tweaks, but overall proceeding well",2022-11-11
861,"@WholeMarsBlog Agreed, necessary change",2022-11-11
862,Hit all-time high of active users today,2022-11-11
863,"@TeslaTomMY1 2023 will probably be tough, but my companies are positioned well",2022-11-11
864,Some epically funny tweets ü§£ü§£,2022-11-11
865,@stillgray @EmmanuelMacron We will take action in this regard,2022-11-11
866,Quite the day!,2022-11-11
867,@EmmanuelMacron Absolument,2022-11-11
868,@WholeMarsBlog I agree,2022-11-11
869,@stillgray Absolutely,2022-11-11
870,@FeuxManning Yes,2022-11-11
871,"To be more precise, accounts doing parody impersonations. Basically, tricking people is not ok.",2022-11-11
872,"Going forward, accounts engaged in parody must include ‚Äúparody‚Äù in their name, not just in bio",2022-11-11
873,"@stoolpresidente Even I paid $8, no discount",2022-11-10
874,Usage of Twitter continues to rise. One thing is for sure: it isn‚Äôt boring!,2022-11-10
875,@DojaCat You should be able to change your name now,2022-11-10
876,@gainzy222 I‚Äôd watch that movie üçø,2022-11-10
877,@kcoleman Community Notes is a gamechanger for improving accuracy on Twitter!,2022-11-10
878,@Youssofal_ @BiasedGirl $8,2022-11-10
879,@Jeaia @StephenKing @Twitter @jack Yay!,2022-11-10
880,"@BiasedGirl Far too many corrupt legacy Blue ‚Äúverification‚Äù checkmarks exist, so no choice but to remove legacy Blue in coming months",2022-11-10
881,@farzyness @Twitter Indeed,2022-11-10
882,I love when people complain about Twitter ‚Ä¶ on Twitter ü§£ü§£,2022-11-10
883,@TechAmazing Wow,2022-11-10
884,@HansMahncke @micsolana ü§£ü§£,2022-11-10
885,@StephenKing üëª,2022-11-10
886,https://t.co/FxdcXa1I7i,2022-11-10
887,@DJSnM I‚Äôm not seeing much spam in this reply,2022-11-10
888,@davidzweig Yes,2022-11-10
889,@Ki_PenYakki_ay Coming,2022-11-10
890,@JimMFelton ü§£ü§£,2022-11-10
891,"@mcuban It‚Äôs working for me. That said, we can definitely make the verified mentions tab more usable.",2022-11-10
892,@chhcalling What does a tosh look like?,2022-11-10
893,Are you seeing far fewer bots/scams/spam?,2022-11-10
894,@Teslaconomics It‚Äôs awesome ü´ê,2022-11-10
895,@DojaCat Pretty funny though ü§£ü§£,2022-11-10
896,@DojaCat Working on it!,2022-11-10
897,@GooseWayn That‚Äôs coming,2022-11-10
898,@Pentosh1 You‚Äôre welcome!,2022-11-10
899,@TeslaAIBot ü§£,2022-11-10
900,@micsolana Rollout of new verified Blue is intentionally limited just to iOS in a few countries with very little pr‚Ä¶ https://t.co/QCpC3REQIT,2022-11-10
901,"@micsolana In days to come, we‚Äôll add granularity to verified badge, such as organizational affiliation &amp; ID verification",2022-11-10
902,"@micsolana We are changing the text to say ‚ÄúLegacy Verified. Could be notable, but could also be bogus.‚Äù",2022-11-10
903,@guslabu @tomwarren üéØüòéüí∞,2022-11-09
904,@StarringShane Subscription Blue is better than legacy Blue. I switched over.,2022-11-09
905,@PPathole The goal of Twitter DMs is to superset Signal,2022-11-09
906,@eglyman @tryramp @Twitter Twitter is growing super fast. I hope it continues!!,2022-11-09
907,"@EvaFoxU @BillyM2k Hopefully, as soon as next week",2022-11-09
908,@BillyM2k Totally agree!,2022-11-09
909,RT @robinw: https://t.co/05QY6u4FSD,2022-11-09
910,"@TOIPlus Nope, I was alway ü•ú !",2022-11-09
911,@ZubyMusic Yeah,2022-11-09
912,@lawrencekitema @SpaceNews_Inc Congratulations!,2022-11-09
